id,firstname,lastname,email,email2,profession
100,Adore,Gemini,Adore.Gemini@yopmail.com,Adore.Gemini@gmail.com,doctor
101,Larine,Granoff,Larine.Granoff@yopmail.com,Larine.Granoff@gmail.com,firefighter
102,Desirae,Kevon,Desirae.Kevon@yopmail.com,Desirae.Kevon@gmail.com,doctor
103,Teriann,Tomasina,Teriann.Tomasina@yopmail.com,Teriann.Tomasina@gmail.com,police officer
104,Tiffie,Skell,Tiffie.Skell@yopmail.com,Tiffie.Skell@gmail.com,doctor
105,Calla,Soneson,Calla.Soneson@yopmail.com,Calla.Soneson@gmail.com,police officer
106,Laurene,Margarete,Laurene.Margarete@yopmail.com,Laurene.Margarete@gmail.com,worker
107,Bernie,Birdella,Bernie.Birdella@yopmail.com,Bernie.Birdella@gmail.com,doctor
108,Gilda,Sidonius,Gilda.Sidonius@yopmail.com,Gilda.Sidonius@gmail.com,firefighter
109,Shandie,Shields,Shandie.Shields@yopmail.com,Shandie.Shields@gmail.com,doctor
110,Deirdre,Khorma,Deirdre.Khorma@yopmail.com,Deirdre.Khorma@gmail.com,doctor
111,Ekaterina,Stefa,Ekaterina.Stefa@yopmail.com,Ekaterina.Stefa@gmail.com,firefighter
112,Daryl,Magnolia,Daryl.Magnolia@yopmail.com,Daryl.Magnolia@gmail.com,firefighter
113,Cissiee,Urias,Cissiee.Urias@yopmail.com,Cissiee.Urias@gmail.com,doctor
114,Ruthe,Chaing,Ruthe.Chaing@yopmail.com,Ruthe.Chaing@gmail.com,doctor
115,Rozele,Leary,Rozele.Leary@yopmail.com,Rozele.Leary@gmail.com,doctor
116,Rubie,Morehouse,Rubie.Morehouse@yopmail.com,Rubie.Morehouse@gmail.com,firefighter
117,Yolane,Bryna,Yolane.Bryna@yopmail.com,Yolane.Bryna@gmail.com,doctor
118,Elyssa,Evvie,Elyssa.Evvie@yopmail.com,Elyssa.Evvie@gmail.com,doctor
119,Gabriellia,Standing,Gabriellia.Standing@yopmail.com,Gabriellia.Standing@gmail.com,firefighter